<?xml version="1.0" encoding="UTF-8"?>
<beans xmlns="http://www.springframework.org/schema/beans"
	xmlns:xsi="http://www.w3.org/2001/XMLSchema-instance" xmlns:context="http://www.springframework.org/schema/context"
	xmlns:tx="http://www.springframework.org/schema/tx"
	xsi:schemaLocation="http://www.springframework.org/schema/beans http://www.springframework.org/schema/beans/spring-beans.xsd
		http://www.springframework.org/schema/context http://www.springframework.org/schema/context/spring-context-4.3.xsd
		http://www.springframework.org/schema/tx http://www.springframework.org/schema/tx/spring-tx-3.2.xsd">

	<context:annotation-config />
	<bean
		class="org.springframework.orm.jpa.support.PersistenceAnnotationBeanPostProcessor"></bean>
	<bean id="entityManagerFactory"
		class="org.springframework.orm.jpa.LocalContainerEntityManagerFactoryBean">
		<property name="persistenceUnitName" value="punit"></property>
		<property name="dataSource" value="dataSource"></property>
		<property name="jpaVendorAdapter">
			<bean class="org.springframework.orm.jpa.vendor.HibernateJpaVendorAdapter">
				<property name="showSql" value="true"></property>
			</bean>
		</property>
		<property name="jpaProperties">
			<map>
				<entry key="hibernate.dialect" value="org.hibernate.dialect.MySQL5InnoDBDialect"></entry>
				<entry key="hibernate.hbm2ddl.auto" value="create"></entry>
				<entry key="hibernate.format_sql" value="create"></entry>
			</map>
		</property>
	</bean>
	<bean id="transactionManager" class="org.springframework.orm.jpa.JpaTransactionManager">
		<property name="entityManagerFactory" ref="entityManagerFactory"></property>
	</bean>
	<tx:annotation-driven transaction-manager="transactionManager" />
	<bean id="dataSource"
		class="org.springframework.jdbc.datasource.DriverManagerDataSource">
		<property name="driverClassName" value="com.mysql.jdbc.Driver"></property>
		<property name="url" value="jdbc:mysql://localhost:3306/eventmanager"></property>
		<property name="username" value="root"></property>
		<property name="password" value="root"></property>
	</bean>
</beans>
